stationReference,stationName,latitude,longitude,easting,northing
000008,Rainfall station,53.480556,-1.441674,437150.5121079242,398348.710960156
000028,Rainfall station,53.500289,-1.673575,421750.53463110205,400448.6424699013
000075TP,Rainfall station,51.084022,-0.214597,525150.530744493,133149.5744800252
000076TP,Rainfall station,51.701508,-0.747539,486650.5319677696,201049.40543426108
000180TP,Rainfall station,51.618838,0.173236,550550.5347969393,193349.37981553192
000181TP,Rainfall station,51.730021,0.040992,541050.5377068998,205449.34706647252
000182TP,Rainfall station,51.885257,-0.156869,526950.5759402323,222349.29410988453
000900,Rainfall station,55.591879,-1.854785,409250.5700793856,633148.0326076475
000997,Rainfall station,55.58067,-1.645446,422450.544924545,631947.9814993477
003066,Rainfall station,55.350136,-2.171067,389250.5263133976,606248.0499648493
003232,Rainfall station,55.312483,-1.909373,405850.53912097507,602048.0644998031
004942,Rainfall station,55.347002,-1.630189,423550.5603337966,605948.0807590258
005588,Rainfall station,55.174997,-1.521877,430550.5284993578,586848.1591383743
005782,Rainfall station,55.154354,-1.944254,403650.5610337657,584448.1105987647
006077,Rainfall station,55.207377,-2.040032,397550.5508665214,590348.1445742395
006403,Rainfall station,55.237908,-1.918977,405250.56601017516,593748.0630145689
007292,Rainfall station,55.033951,-1.969453,402050.5726451905,571048.1917515018
008062,Rainfall station,55.132825,-1.538065,429550.53440019226,582148.1551797375
008632,Rainfall station,55.047076,-1.446712,435450.5577557354,572648.136710569
008850,Rainfall station,55.255608,-2.540374,365750.5298726619,595848.0894549722
010312,Rainfall station,55.143004,-2.375693,376150.5309219968,583248.136702843
010660,Rainfall station,55.320859,-2.396284,374950.54585301643,603048.1063445227
013045,Rainfall station,54.742208,-2.378185,375750.5347067746,538648.243126161
013336,Rainfall station,54.774946,-2.516845,366850.5595468525,542348.1766738497
013553,Rainfall station,54.820161,-2.445834,371450.51094410423,547348.2206406
013878,Rainfall station,54.871077,-2.52275,366550.52448170993,553048.2101771078
014555,Rainfall station,54.97002,-2.500603,368050.5656547765,564048.1425105275
015347,Rainfall station,54.804602,-2.221644,385850.55137635954,545548.1992487153
016140,Rainfall station,54.960162,-2.160033,389850.570717536,562848.1214587782
017220,Rainfall station,55.01952,-1.881881,407650.56539913657,569448.2006795515
017651,Rainfall station,55.000299,-1.68497,420250.5259103207,567348.1972116365
018777,Rainfall station,54.860973,-1.670477,421250.56128629437,551848.2106153822
019271,Rainfall station,55.033344,-1.614307,424750.53811818606,571048.1289828211
021028,Rainfall station,54.938987,-1.393566,438950.5246990358,560648.1418081337
021228,Rainfall station,54.747962,-2.235316,384950.53496428445,539248.2876571687
022163,Rainfall station,54.761631,-1.902834,406350.550262076,540748.192707541
022994,Rainfall station,54.624106,-1.870637,408450.53701732936,525448.2220800262
023164,Rainfall station,54.610418,-1.740626,416850.56740635773,523948.2796476622
023839,Rainfall station,54.829815,-1.807716,412450.52503612,548348.1996930881
025394,Rainfall station,54.894495,-1.489343,432850.5259017422,555648.1622666782
025878,Rainfall station,54.823818,-1.36572,440850.51629638195,547848.1899706967
026090,Rainfall station,54.760776,-1.340287,442550.53587620496,540848.2040155629
026297,Rainfall station,54.701508,-1.198486,451750.5532789897,534348.2358339112
026644,Rainfall station,54.656189,-2.285935,381650.52791834,529048.2383552835
026958,Rainfall station,54.683225,-2.252002,383850.5567314313,532048.3014355131
028185,Rainfall station,54.560368,-1.983723,401150.52211829246,518348.25040832505
028502,Rainfall station,54.504568,-2.141258,390950.56540123315,512148.2756994473
030377,Rainfall station,54.526112,-1.506309,432050.5288435669,514648.324338553
031555,Rainfall station,54.469846,-1.099639,458450.51458091644,508648.35942057916
0323SO,Rainfall station,51.246536,0.022379,541250.5564152934,151649.5987964638
032822,Rainfall station,54.633845,-1.480219,433650.5264502477,526648.2612260538
033108NE,Rainfall station,54.543358,-1.201588,451750.54245007696,516748.3241515827
034091,Rainfall station,54.596104,-1.039588,462150.5639543863,522748.32977077586
034459,Rainfall station,54.518191,-0.964175,467150.5284446109,514148.26203607
035024NE,Rainfall station,54.505434,-0.84558,474850.56682398845,512848.30985703756
035103,Rainfall station,54.541989,-0.815179,476750.55770584516,516948.344022677
035302,Rainfall station,54.517093,-0.752561,480850.5742066988,514248.32106703013
035305,Rainfall station,54.486239,-0.724171,482750.5283931525,510848.3264254517
035488,Rainfall station,54.438313,-0.976984,466450.52369565354,505248.3533301161
036225,Rainfall station,54.344552,-0.754715,481050.5161013213,495048.36645877827
036487,Rainfall station,54.408361,-0.754323,480950.5376235853,502148.35621243715
036704,Rainfall station,54.434842,-0.550006,494150.57130366674,505348.3035731888
037239,Rainfall station,54.27325,-0.422074,502850.5138845611,487548.4447124087
037292,Rainfall station,54.204227,-0.30358,510750.5340266349,480048.4361943989
037973,Rainfall station,54.297778,-1.167931,454250.56816610123,489448.4000607295
038476,Rainfall station,54.107252,-0.128568,522450.5598463731,469548.4627558789
039163,Rainfall station,54.100377,-0.208409,517250.5346314327,468648.4390298526
039268,Rainfall station,54.04064,-0.241524,515250.5305926187,461948.4227060549
040492,Rainfall station,53.6913,-0.031959,530050.5331772408,423448.64106498857
040752,Rainfall station,53.983799,-0.227143,516350.5136188555,455648.49161204335
041238,Rainfall station,53.867134,-0.367439,507450.5158606015,442448.52689313545
041917,Rainfall station,53.805201,-0.309101,511450.51218217035,435648.5858202339
043533,Rainfall station,53.999217,-0.43093,502950.53562576213,457048.5189219465
046222,Rainfall station,53.719928,-0.676248,487450.57575395453,425648.60838292696
047281,Rainfall station,54.275194,-2.263325,382950.5236851886,486648.43117549684
047439,Rainfall station,54.31489,-2.180572,388350.57265129214,491048.40275314666
049902,Rainfall station,54.130296,-1.656404,422550.53841213824,470548.4038573057
051250,Rainfall station,54.379686,-2.105419,393250.5110431565,498248.33663959586
051729,Rainfall station,54.413883,-1.988402,400850.5657147666,502048.3897569096
052287,Rainfall station,54.409101,-1.735735,417250.5119830531,501548.33391707396
053532,Rainfall station,54.318976,-1.637925,423650.51199740503,491548.3334487481
054371,Rainfall station,54.419203,-1.515299,431550.5414939954,502748.3790116138
054507,Rainfall station,54.382707,-1.394093,439450.52600931434,498748.3481517199
054604,Rainfall station,54.32908,-1.456389,435450.5293226196,492748.3557346495
055223,Rainfall station,54.364209,-1.297407,445750.5396569156,496748.38115249964
055R0521E_TG_326,Rainfall station,52.221039,-2.984386,332850.5151095298,258549.12800847052
056505,Rainfall station,54.073241,-1.337477,443450.52144034154,464348.47758014896
057426,Rainfall station,54.18467,-1.901124,406550.5139172237,476548.43905014993
058461,Rainfall station,53.979278,-1.646973,423250.57355478423,453748.5475123922
059793,Rainfall station,53.966652,-1.115089,458150.55420682154,452648.4589743481
060947,Rainfall station,54.218703,-2.195488,387350.5205303229,480348.40534433955
061431,Rainfall station,54.163943,-2.152346,390150.5336354797,474248.4742366265
062046,Rainfall station,54.071438,-1.913617,405750.5536584293,463948.48650103604
063518,Rainfall station,53.876425,-1.532241,430850.57387817703,442348.5520526163
068762,Rainfall station,54.368186,-0.974109,466750.57430236664,497448.3457623519
070365,Rainfall station,54.244415,-0.80684,477850.5554977416,483848.38215513964
073422,Rainfall station,54.100116,-2.164345,389350.54202602705,467148.4509627762
074108,Rainfall station,53.911448,-2.098144,393650.5230267134,446148.4751616064
074329,Rainfall station,53.986087,-1.999194,400150.53626024106,454448.535756306
074385,Rainfall station,53.947438,-2.020525,398750.5295691031,450148.5255523811
0744SE,Rainfall station,51.266892,0.857627,599450.524855691,155849.57853532708
074924,Rainfall station,53.829697,-1.976406,401650.5472757591,437048.51295435295
075233,Rainfall station,53.79732,-1.924807,405050.530753115,433448.58980523236
076204,Rainfall station,53.787777,-1.627332,424650.5750108211,432448.56704381807
076413,Rainfall station,53.83349,-1.58894,427150.56229508016,437548.51624540944
077066,Rainfall station,53.70469,-2.135531,391150.55258052784,423148.61322828
077256,Rainfall station,53.798228,-2.056887,396350.57002551784,433548.52457173925
077336,Rainfall station,53.77754,-2.084173,394550.5574731737,431248.5739033032
077800,Rainfall station,53.636457,-2.005248,399750.5356688771,415548.6231529244
077836,Rainfall station,53.657107,-1.925056,405050.5222137836,417848.6609753789
077952,Rainfall station,53.772138,-1.90361,406450.5583672401,430648.5292847505
078530,Rainfall station,53.592394,-1.929702,404750.55856006156,410648.59024659806
078772,Rainfall station,53.552738,-1.824111,411750.5214528368,406248.6948810862
078922,Rainfall station,53.60567,-1.766463,415550.52376544144,412148.64208498475
079621,Rainfall station,53.698015,-1.667505,422050.5106010374,422448.6563967102
080282,Rainfall station,53.679365,-1.478411,434550.5503856495,420448.6678760536
082509,Rainfall station,53.367029,-1.59795,426850.517144818,385648.76366741984
082672,Rainfall station,53.324572,-1.539797,430750.5131086648,380948.75175428623
082732,Rainfall station,53.352459,-1.545506,430350.5212165471,384048.7590092128
083280,Rainfall station,53.194682,-1.434915,437850.56681938766,366548.80330592656
083534,Rainfall station,53.250698,-1.498624,433550.5588565037,372748.7717781087
084532,Rainfall station,53.366844,-1.351488,443250.5400083471,385748.77841671795
085322,Rainfall station,53.571934,-1.588459,427350.5720536417,408448.6635876963
085960,Rainfall station,53.527019,-1.385249,440850.5221912489,403548.6367204988
086575,Rainfall station,53.591095,-1.271011,448350.52667674795,410748.6629839913
0924SE,Rainfall station,51.251014,1.322456,631950.5450709346,155449.5230426513
0925SE,Rainfall station,51.207877,1.383789,636450.5846841321,150849.50646441808
1023SE,Rainfall station,51.294661,1.108973,616850.5404415092,159649.47578839908
1040,Rainfall station,52.309441,-1.774803,415450.5140805691,267949.1623067541
1045,Rainfall station,52.362576,-1.508732,433550.5677808941,273949.13188186556
1082,Rainfall station,52.186855,-1.418519,439850.52089154377,254449.22017024606
1086,Rainfall station,52.174506,-1.736002,418150.51014529064,252949.21145313905
1087,Rainfall station,52.067173,-1.611177,426750.5750723532,241049.17946596871
1112,Rainfall station,51.684691,-2.162673,388850.537690292,198449.4230644068
1113,Rainfall station,51.799795,-2.148586,389850.54120149586,211249.34134754149
1119,Rainfall station,52.031946,-2.435056,370250.50892411056,237149.18881916415
1121,Rainfall station,52.718322,-2.717219,351650.56822056504,313649.02270316717
1140,Rainfall station,51.875411,-2.019556,398750.52871310123,219649.29021423167
1141,Rainfall station,51.777374,-2.093434,393650.5286977551,208749.30524335388
1155,Rainfall station,52.417004,-1.12584,459550.5542510609,280249.1093272733
1165,Rainfall station,52.205609,-1.605581,427050.5498682793,256449.21540485165
1201,Rainfall station,52.343809,-1.955178,403150.52815626847,271749.10886057804
1331,Rainfall station,52.596394,-2.471631,368150.57193329756,299949.0432748289
1332,Rainfall station,52.589321,-2.78744,346750.5251799825,299349.0744783155
1335,Rainfall station,52.863499,-3.123644,324450.5217736442,330148.86832579836
1339,Rainfall station,52.718219,-2.570654,361550.52887366305,313548.99582533527
1387,Rainfall station,52.424304,-3.172736,320350.53934789065,281349.0576771239
1409,Rainfall station,52.59735,-3.029712,330350.5194072867,300448.96917775547
1412,Rainfall station,52.47914,-2.975413,333850.5721801088,287249.07598289114
1413,Rainfall station,52.325619,-2.226643,384650.5367422399,269749.09258796304
1552,Rainfall station,52.541438,-2.193841,386950.5634110126,293749.0428657172
1602,Rainfall station,52.05292,-2.737138,349550.5119622125,239649.21857598997
1603,Rainfall station,52.224678,-2.731196,350150.51632086356,258749.14714803902
1606,Rainfall station,51.952233,-2.735485,349550.5278240346,228449.26218219817
1687,Rainfall station,52.016552,-2.653481,355250.5139811777,235549.26750397554
1712,Rainfall station,52.639137,-2.325793,378050.5656137108,304649.01756541827
1713,Rainfall station,52.84224,-2.872181,341350.5704632804,327548.90689055447
1740,Rainfall station,52.392235,-1.324715,446050.53785557987,277349.1161104215
1747,Rainfall station,52.806646,-2.49764,366550.5110179171,323348.964170477
1748,Rainfall station,52.481743,-2.579368,360750.51138593885,287249.05077310477
1760,Rainfall station,52.140634,-1.974376,401850.56511127955,249149.1749688034
1761,Rainfall station,52.051393,-1.762976,416350.54769981385,239249.22998541407
1769,Rainfall station,52.199933,-2.097246,393450.5498047926,255749.1425848608
1770,Rainfall station,52.288216,-1.222206,453150.5332959841,265849.1356185697
1771,Rainfall station,52.911156,-2.637129,357250.5330995359,335048.92499655264
1773,Rainfall station,52.222319,-2.17488,388150.5718735585,258249.11307674792
1774,Rainfall station,52.338976,-2.542273,363150.5625156346,271349.1324589982
1792,Rainfall station,52.307409,-2.728158,350450.55966223415,267949.13799701154
1793,Rainfall station,52.518531,-2.881966,340250.54356856353,291549.0056511808
1794,Rainfall station,51.87509,-2.275208,381150.5627673646,219649.26552214165
1812,Rainfall station,51.89986,-2.41343,371650.5716943877,222449.28640535005
1813,Rainfall station,51.749956,-2.336734,376850.5714956355,205749.40752209348
1814,Rainfall station,52.481443,-1.558947,430050.51238564687,287149.0810156267
1817,Rainfall station,52.708345,-2.980518,333850.57185969094,312748.96016134764
1819,Rainfall station,52.178577,-2.411624,371950.54373494623,253449.2075477318
1822SO,Rainfall station,50.811276,0.219288,556450.5694472211,103649.7520975814
1930,Rainfall station,52.080849,-2.563945,361450.5712261939,242649.2724024931
2102SO,Rainfall station,51.105481,0.116212,548250.5655844092,136149.58937573488
2321SO,Rainfall station,50.83729,-0.377415,514350.56849942816,105449.77559833646
237740TP,Rainfall station,51.600133,0.258985,556550.5780513058,191449.4412195153
238605TP,Rainfall station,51.722932,0.136235,547650.5436595291,204849.31528130732
238777TP,Rainfall station,51.736595,0.223782,553650.5757213179,206549.32369988912
238944TP,Rainfall station,51.677024,0.235326,554650.5191051177,199949.33179729333
239258TP,Rainfall station,51.664377,0.040933,541250.578837622,198149.3528675828
239374TP,Rainfall station,51.575345,0.041271,541550.5389744948,188249.4002854722
239579TP,Rainfall station,51.527809,0.085279,544750.5733834124,183049.40481086166
240201TP,Rainfall station,51.884151,-0.454782,506450.5748358585,221749.25333671048
240350TP,Rainfall station,51.813497,-0.287465,518150.5529327397,214149.3032681079
240470TP,Rainfall station,51.775264,-0.196143,524550.5746463512,210049.28940685946
240662TP,Rainfall station,51.937159,-0.384591,511150.53170169675,227749.31792840653
240816TP,Rainfall station,51.873475,-0.269208,519250.5483231735,220849.25476562203
241243TP,Rainfall station,51.950719,-0.145455,527550.5643462812,229649.31415587445
241790TP,Rainfall station,51.871184,-0.064476,533350.5788920519,220949.25074137826
241961TP,Rainfall station,51.97304,-0.025147,535750.574254535,232349.23668780108
242534TP,Rainfall station,51.807828,-0.03963,535250.5724945617,213949.32731634963
242819TP,Rainfall station,51.827809,0.054118,541650.569123788,216349.32151452964
243045TP,Rainfall station,51.965517,0.147752,547650.526759009,231849.26635085183
243131TP,Rainfall station,51.897439,0.182296,550250.5698315598,224349.2640445638
243543TP,Rainfall station,51.866534,0.247617,554850.5747380288,221049.2749559127
243679TP,Rainfall station,51.805204,0.20975,552450.5363275857,214149.3715505665
244027TP,Rainfall station,51.769108,0.016666,539250.5321716892,209749.3172904071
244569TP,Rainfall station,51.727077,-0.10539,530950.5803263849,204849.3207922797
245176TP,Rainfall station,51.588712,-0.112596,530850.5632577538,189449.43756253528
246424TP,Rainfall station,51.501145,-0.205547,524650.5508909911,179549.39677841213
246726TP,Rainfall station,51.610639,-0.312441,516950.55417707603,191549.4121509098
246847TP,Rainfall station,51.569374,-0.257694,520850.5714596359,187049.41243827998
247281TP,Rainfall station,51.67255,-0.366544,513050.5316669332,198349.36497621282
247344TP,Rainfall station,51.550032,-0.415648,509950.52002653165,184649.45381547994
247540TP,Rainfall station,51.479469,-0.451216,507650.53861928126,176749.49208449345
248332TP,Rainfall station,51.672207,-1.952948,403350.52059533837,197049.42174319352
249744TP,Rainfall station,51.568666,-1.811661,413150.5481112821,185549.42879959432
251530TP,Rainfall station,51.689762,-1.679516,422250.5386485832,199049.38980329857
251556TP,Rainfall station,51.826782,-1.862825,409550.5209928985,214249.28930720765
253340TP,Rainfall station,51.878717,-1.737736,418150.5226959483,220049.2507461995
253861TP,Rainfall station,51.794582,-1.562775,430250.53562039614,210749.35991463906
254336TP,Rainfall station,51.774757,-1.357157,444450.5403652332,208649.39412031087
254829TP,Rainfall station,51.938474,-1.573015,429450.5694991145,226749.25684288517
256230TP,Rainfall station,51.749085,-1.272057,450350.5357673762,205849.325059405
256345TP,Rainfall station,52.168732,-1.235988,452350.5138830488,252549.16512295644
257039TP,Rainfall station,52.072227,-1.333928,445750.5758787784,241749.24088068958
259110TP,Rainfall station,51.886777,-1.156503,458150.5447162287,221249.29056355348
260221TP,Rainfall station,51.63431,-1.505077,434350.5241435659,192949.3721216888
261021TP,Rainfall station,51.653876,-1.288038,449350.5248687404,195249.44320691476
261602TP,Rainfall station,51.772802,-0.689041,490550.55154720024,209049.28834006464
261923TP,Rainfall station,51.825767,-0.852925,479150.5663922645,214749.3790443764
263541TP,Rainfall station,51.741752,-1.120101,460850.5220598054,205149.31827761664
264254TP,Rainfall station,51.617635,-1.115281,461350.5091491279,191349.42345696563
264845TP,Rainfall station,51.532367,-1.135676,460050.5258013017,181849.4379292598
265038TP,Rainfall station,51.543602,-1.343114,445650.5382502858,182949.43586332296
265415TP,Rainfall station,51.465368,-1.197403,455850.5597357439,174349.4489727495
266474TP,Rainfall station,51.412945,-1.726028,419150.53531994665,168249.47602037634
267661TP,Rainfall station,51.388049,-1.53073,432750.5631903986,165549.50707326902
268103TP,Rainfall station,51.53833,-1.56235,430450.5083979596,182249.43609049276
268851TP,Rainfall station,51.462587,-1.327004,446850.5253871707,173949.506520287
269627TP,Rainfall station,51.345161,-1.239706,453050.5492295806,160949.56964106834
2705SO,Rainfall station,50.759531,-0.787028,485650.5646821798,96249.74640323328
270669TP,Rainfall station,51.292403,-1.035495,467350.52550660307,155249.50680641935
271491TP,Rainfall station,51.330311,-0.763419,486250.52278909687,159749.47657524387
274178TP,Rainfall station,51.667285,-0.923447,474550.5243837733,197049.39645207123
274918TP,Rainfall station,51.440044,-0.766213,485850.55617716577,171949.46880466165
276036TP,Rainfall station,51.54306,-0.500973,504050.56112704484,183749.43472726282
276316TP,Rainfall station,51.718037,-0.217242,523250.52600062796,203649.3476533318
276651TP,Rainfall station,51.755019,-0.285332,518450.51538385986,207649.39932180967
276956TP,Rainfall station,51.828295,-0.446536,507150.5640982858,215549.37345901548
277407TP,Rainfall station,51.686586,-0.341445,514750.567706994,199949.41517592827
278744TP,Rainfall station,51.690006,-0.530846,501650.56581287493,200049.3526000311
279941TP,Rainfall station,51.396984,-0.540252,501650.5693824971,167449.54309809752
280826TP,Rainfall station,51.226121,-0.774805,485650.5651097228,148149.52902705074
281186TP,Rainfall station,51.119894,-0.851916,480450.5355701937,136249.5590866293
282290TP,Rainfall station,51.143947,-0.512508,504150.52332062647,139349.58130690173
282781TP,Rainfall station,51.256125,-0.566214,500150.52807583136,151749.57929173822
282947TP,Rainfall station,51.280335,-0.635718,495250.52213755413,154349.4944457786
283596TP,Rainfall station,51.341055,-0.599459,497650.51952611166,161149.51258939184
284703TP,Rainfall station,51.178085,-0.133707,530550.5384281893,143749.60102951856
285630TP,Rainfall station,51.288167,-0.337196,516050.52077802067,155649.55650914507
286392TP,Rainfall station,51.400709,-0.284238,519450.55360493436,168249.499436773
287141TP,Rainfall station,51.362722,-0.209526,524750.5518816913,164149.54497909776
287283TP,Rainfall station,51.449283,-0.224851,523450.5605864238,173749.45502843577
287451TP,Rainfall station,51.308021,-0.16144,528250.5181245273,158149.56582983735
287722TP,Rainfall station,51.344874,-0.103964,532150.5798426792,162349.54189060905
287864TP,Rainfall station,51.380452,-0.135546,529850.5646526004,166249.47640517182
287946TP,Rainfall station,51.415955,-0.162865,527850.5349289837,170149.49339993624
288092TP,Rainfall station,51.4214,-0.109429,531550.5448569715,170849.48969460017
288504TP,Rainfall station,51.349274,0.009666,540050.5174477756,163049.49424515164
289102TP,Rainfall station,51.476541,-0.017866,537750.5555259607,177149.44232403234
290007TP,Rainfall station,51.507135,0.134772,548250.5771937144,180849.4750749861
290200TP,Rainfall station,51.280521,0.134285,548950.550457462,155649.5662606308
290578TP,Rainfall station,51.367354,0.204407,553550.5165086456,165449.4933666549
291241TP,Rainfall station,51.367559,0.09523,545950.5640408434,165249.47460985827
291477TP,Rainfall station,51.458979,0.11237,546850.5487235972,175449.44730181273
294323,Rainfall station,51.206865,0.129446,548850.5424164728,147449.57589470284
300001TP,Rainfall station,51.13979,-0.960059,472850.5658400396,138349.6198539489
300874,Rainfall station,51.373888,1.173263,620950.5203205188,168649.5158206215
3014,Rainfall station,52.886657,-2.182004,387850.5577731019,332148.941064612
3015,Rainfall station,52.808314,-1.74405,417350.5729433248,323448.97500657354
301666,Rainfall station,51.131926,0.967934,607750.5491379777,141149.55358265399
3025,Rainfall station,52.701554,-2.119078,392050.55719778396,311548.99204452714
3026,Rainfall station,52.79928,-2.275079,381550.5153818535,322448.9152276985
305111,Rainfall station,51.098221,1.155768,621050.5788185204,137949.61019324142
3057,Rainfall station,52.730505,-1.571247,429050.56911829876,314848.9151771554
3096,Rainfall station,52.615214,-2.152813,389750.54252788244,301948.9709068831
3099,Rainfall station,52.807639,-1.889433,407550.54909716116,323348.95275786216
3100,Rainfall station,52.830414,-1.607371,426550.5426783151,325948.9075652382
3165,Rainfall station,52.399545,-2.050654,396650.55221279856,277949.0865874824
3167,Rainfall station,52.419334,-1.990391,400750.5436125924,280149.1155723785
3173,Rainfall station,53.017139,-1.981319,401350.5158057008,346648.90192909073
3178,Rainfall station,52.999107,-1.06794,462650.55699921306,345048.8890892003
3179,Rainfall station,52.69041,-0.920654,473050.5437278152,310848.9603585409
3185,Rainfall station,52.407451,-1.784594,414750.56759696855,278849.05367838265
3198,Rainfall station,52.530102,-1.383041,441950.5758546354,292649.0615525631
3201,Rainfall station,52.579333,-1.532878,431750.51957743714,298049.02026945964
3275,Rainfall station,52.635078,-1.944539,403850.5551776288,304149.0310704987
3288,Rainfall station,52.542109,-1.696942,420650.521565623,293849.0553072561
3307,Rainfall station,53.196879,-1.901908,406650.559300773,366648.75816818036
3323,Rainfall station,53.025808,-1.723384,418650.5505425261,347648.8419994796
3346,Rainfall station,52.95331,-2.040883,397350.54689070553,339548.8930103114
3347,Rainfall station,52.905076,-2.37685,374750.5645232909,334248.9523504069
3349,Rainfall station,52.901997,-1.860947,409450.52898263035,333848.8718439319
3380,Rainfall station,53.405172,-1.738982,417450.53133304924,389848.70613298117
3404,Rainfall station,53.287863,-1.579192,428150.5492934237,376848.7063649163
340767,Rainfall station,50.968137,-1.918056,405850.540112649,118749.70929071568
3441,Rainfall station,53.134445,-1.432716,438050.55938777415,359848.80248918844
3570,Rainfall station,53.029694,-1.914215,405850.57388427475,348048.8503820925
3571,Rainfall station,53.105132,-2.154547,389750.52407963364,356448.82826183597
3572,Rainfall station,53.311933,-1.898644,406850.5198141635,379448.79420501634
3574,Rainfall station,52.897659,-1.359998,443150.53216056793,333548.9027821194
3576,Rainfall station,53.093957,-1.658736,422950.5617961677,355248.78338646307
3580,Rainfall station,53.047163,-1.641206,424150.5192466431,350048.8788984215
3588,Rainfall station,52.958861,-1.577925,428450.55828800646,340248.8728813858
3601,Rainfall station,53.231399,-0.806723,479750.5617586882,371148.7952502304
3602,Rainfall station,52.813347,-0.803365,480750.534494471,324648.9416479233
3603,Rainfall station,53.079174,-0.867665,475950.5267053116,354148.8722860962
3604,Rainfall station,53.223303,-1.115505,459150.53685785615,369948.8219259204
3610,Rainfall station,52.655516,-1.302927,447250.5397015986,306648.95955746865
3611,Rainfall station,53.485476,-0.775492,481350.53447958955,399448.696440868
3616,Rainfall station,53.22531,-1.701132,420050.5104823127,369848.8220425274
3629,Rainfall station,52.78808,-1.097664,460950.5116284537,321548.89440369955
3641,Rainfall station,52.738326,-1.320862,445950.52322585526,315848.93842968956
3642,Rainfall station,52.762972,-1.234524,451750.57042017643,318648.97073776677
3652,Rainfall station,52.836792,-1.251041,450550.56603062514,326848.8906793411
3680,Rainfall station,52.73152,-0.995167,467950.53063243674,315348.99013147183
3683,Rainfall station,52.697431,-1.117291,459750.51756686723,311448.9827195578
3686,Rainfall station,52.544833,-1.031877,465750.5139667415,294549.07935162674
3687,Rainfall station,52.723063,-0.765859,483450.55861183075,314649.0251786862
3688,Rainfall station,52.6315,-1.077247,462550.51668493566,304149.06074357737
3766,Rainfall station,53.005795,-1.251101,450350.5369827954,345648.90860277234
3767,Rainfall station,53.022009,-1.417793,439150.5160016559,347348.8763740394
3771,Rainfall station,52.948025,-1.088386,461350.56314903666,339348.864205666
3773,Rainfall station,53.032232,-1.050823,463750.54746264144,348748.8102416373
3774,Rainfall station,53.579885,-0.869434,474950.54784069426,409848.6254668404
3775,Rainfall station,53.07731,-1.190151,454350.5534602077,353648.85621846933
3778,Rainfall station,52.687955,-1.796533,413850.5394614666,310048.9400064601
3779,Rainfall station,53.591168,-0.7392,483550.5250589029,411248.61643621017
3781,Rainfall station,52.49028,-1.866665,409150.52190277405,288049.05862624384
380002TP,Rainfall station,51.571638,-0.289354,518650.5737798165,187249.38562741468
3816,Rainfall station,53.130665,-1.23847,451050.559848139,359548.81898216397
3860,Rainfall station,53.407215,-1.191422,453850.563654368,390348.6636387186
3861,Rainfall station,53.521199,-1.045964,463350.5459803837,403148.6951788635
3901,Rainfall station,53.305797,-1.088289,460850.5614155454,379148.760460917
3996,Rainfall station,52.897989,-0.911045,473350.5138886292,333948.9478365924
3998,Rainfall station,53.396184,-0.931457,471150.531781675,389348.7439640836
3999,Rainfall station,52.564065,-1.199634,454350.53861272096,296548.9872616617
4103,Rainfall station,53.114911,-2.223306,385150.5644878764,357548.86773766106
417417TP,Rainfall station,51.466604,-0.571144,499350.56366446574,175149.48253174464
43102,Rainfall station,51.067961,-2.063451,395650.5431445437,129849.6306864654
43103,Rainfall station,51.164146,-1.894828,407450.5576022885,140549.59335705434
43104,Rainfall station,51.220377,-1.669896,423150.57205344556,146849.5409529765
43105,Rainfall station,51.358394,-1.927417,405150.54451677157,162149.56077451856
43200,Rainfall station,51.044768,-2.4129,371150.55471755913,127349.66083935455
43201,Rainfall station,51.085428,-2.353299,375350.5146389961,131849.63144006298
43202,Rainfall station,50.896473,-2.390258,372650.52562318,110849.7184062075
43203,Rainfall station,51.03167,-2.281587,380350.52792380773,125849.64690381452
43204,Rainfall station,50.864669,-2.139905,390250.52119824325,107249.68914981541
43205,Rainfall station,50.755028,-1.936857,404550.5112618805,95049.76333420753
43206,Rainfall station,50.755798,-1.814938,413150.5221009873,95149.7844947545
43228,Rainfall station,50.968057,-2.158729,388950.5372851498,118749.67025637429
44100,Rainfall station,50.778033,-2.848812,340250.53755714546,97949.73860330564
44101,Rainfall station,50.800366,-2.738533,348050.52534374513,100349.72335003245
44103,Rainfall station,50.707087,-2.698828,350750.567686172,89949.82622523862
44104,Rainfall station,50.671274,-2.491689,365350.56626977446,85849.75236905561
44132,Rainfall station,50.658982,-2.415165,370750.53747860563,84449.75879021284
44200,Rainfall station,50.837132,-2.59994,357850.56519724545,104349.74366442495
44201,Rainfall station,50.613852,-1.958246,403050.51497359335,79349.78974257676
44213,Rainfall station,50.825864,-2.686403,351750.53159350605,103149.73249548866
44214,Rainfall station,50.842091,-2.502005,364750.5413576214,104849.75545285195
44215,Rainfall station,50.743404,-2.638425,355050.57048309187,93949.75415287525
45100,Rainfall station,51.161592,-3.769689,276350.5569026586,141749.5408051194
45102,Rainfall station,51.129849,-3.534087,292750.558155067,137849.56935980046
45108,Rainfall station,50.884946,-3.487642,295450.5527464929,110549.75440297532
45113,Rainfall station,50.775637,-3.719618,278850.54702025343,98749.76961905154
45115,Rainfall station,50.601997,-3.530985,291750.5719582052,79149.79105737784
45158,Rainfall station,51.06991,-3.643436,284950.56973577774,131349.64307283063
45164,Rainfall station,50.614674,-3.380154,302450.5077006026,80349.76652301798
45166,Rainfall station,50.859966,-3.239613,312850.5227581495,107449.70850007482
45167,Rainfall station,50.908664,-3.226683,313850.51341901784,112849.7126061879
45168,Rainfall station,50.973456,-3.383642,302950.56951303175,120249.70789270673
45169,Rainfall station,50.80015,-3.436698,298850.56865955424,101049.71596441822
45183,Rainfall station,51.114443,-3.795033,274450.5344359292,136549.61889053026
45184,Rainfall station,50.728619,-3.475599,295950.5629842237,93149.82389957784
45185,Rainfall station,51.046267,-3.459994,297750.5285864896,128449.65052273979
45186,Rainfall station,50.67998,-3.408962,300550.55617749604,87649.73837411369
45204,Rainfall station,50.816541,-3.085152,323650.5094194557,102449.73658330023
45208,Rainfall station,50.850579,-2.888483,337550.5600331018,106049.77441538108
45230,Rainfall station,50.753667,-3.256649,311450.54494632134,95649.74027502052
45231,Rainfall station,50.76725,-2.963477,332150.5519295984,96849.76057730262
45232,Rainfall station,50.882121,-3.092361,323250.52548535896,109749.71992595082
45236,Rainfall station,50.776987,-3.176428,317150.5415019126,98149.79312996798
45268,Rainfall station,50.701123,-3.117886,321150.5429456064,89649.83755221944
46100,Rainfall station,50.390977,-3.70144,279150.51560576144,55949.92984488723
46101,Rainfall station,50.393238,-3.731066,277050.5439716786,56249.9393141553
46103,Rainfall station,50.47913,-3.760983,275150.5233979301,65849.90410525311
46104,Rainfall station,50.53756,-3.702476,279450.53271763714,72249.81133635381
46106,Rainfall station,50.548234,-3.940001,262650.55045212817,73849.85099484028
46107,Rainfall station,50.58221,-3.897607,265750.5601729113,77549.8365417735
46108,Rainfall station,50.641897,-3.877381,267350.55581002496,84149.85785662595
46151,Rainfall station,50.26339,-3.811942,270950.5687281893,41949.92671746843
46160,Rainfall station,50.473478,-3.89184,265850.5256836821,65449.88191598188
46161,Rainfall station,50.384444,-3.523968,291750.5160864703,54949.87220954164
46167,Rainfall station,50.592206,-3.717163,278550.50612804305,78349.83863978069
46168,Rainfall station,50.680022,-3.738768,277250.5286675893,88149.7563553143
46169,Rainfall station,50.516559,-3.841369,269550.56554962933,70149.87008891518
463589,Rainfall station,51.758734,-2.612081,357850.5059701278,206849.36688523792
47101,Rainfall station,50.804076,-4.356504,234050.56016317,103149.70333432297
47105,Rainfall station,50.686858,-4.234529,242250.5314392571,89849.77267448492
47106,Rainfall station,50.562235,-4.481386,224350.54934978802,76549.7848620264
47108,Rainfall station,50.586706,-4.106872,250950.56458398126,78449.87174191668
47112,Rainfall station,50.440912,-4.010253,257350.50656552284,62049.86947043057
47113,Rainfall station,50.418385,-3.960029,260850.50883228664,59449.92312428043
47144,Rainfall station,50.677206,-4.612016,215550.5662663218,89649.74912917113
47155,Rainfall station,50.416367,-4.126049,249050.55604166078,59549.846695272354
47156,Rainfall station,50.700026,-4.056719,254850.50773827432,90949.78480576447
47157,Rainfall station,50.431628,-4.270363,238850.55962429103,61549.87324537069
47158,Rainfall station,50.771514,-4.228634,242950.51892063188,99249.71100877915
47159,Rainfall station,50.644847,-4.529589,221250.55794641512,85849.82778195439
47160,Rainfall station,50.877791,-4.488167,225050.53718272492,111649.6900724598
47161,Rainfall station,50.516447,-4.209541,243450.5314548832,70849.90991942518
47163,Rainfall station,50.366737,-4.230702,241450.53587027482,54249.971722946764
47164,Rainfall station,50.501188,-4.060758,253950.50951634682,68849.82613627278
47166,Rainfall station,50.549928,-3.999359,258450.5383185408,74149.88072541013
47167,Rainfall station,50.377366,-3.992093,258450.52854636792,54949.88674620404
47168,Rainfall station,50.660116,-4.359193,233350.527545628,87149.81288265376
47170,Rainfall station,50.546683,-4.319646,235750.54817450844,74449.81546302779
47176,Rainfall station,50.584943,-4.054524,254650.54224980134,78149.83301029459
475212_TG_354,Rainfall station,52.205774,-2.572843,360950.54914518044,256549.13971569567
48100,Rainfall station,50.127328,-5.568494,145050.51084063583,31349.953764953272
48102,Rainfall station,50.223298,-5.305022,164350.5426112097,41149.98751028355
48103,Rainfall station,50.1602,-5.114418,177650.537367793,33549.99120576394
48105,Rainfall station,50.303659,-5.098505,179450.50303171985,49449.93843289729
48106,Rainfall station,50.390633,-4.752406,204450.56211229344,58149.86881046351
48148,Rainfall station,50.171774,-5.437334,154650.50419204272,35850.01447594444
48155,Rainfall station,50.593242,-4.743017,205950.55697209435,80649.85806115005
48157,Rainfall station,50.286686,-4.810984,199850.52313481172,46749.97503877924
48159,Rainfall station,50.222785,-5.161963,174550.53086038775,40649.94995959154
48169,Rainfall station,50.191057,-5.514391,149250.52464424208,38250.014854165776
48170,Rainfall station,50.131262,-5.251088,167750.51337271338,30750.025027983495
48171,Rainfall station,50.035296,-5.208282,170350.5085082899,19950.089904412125
48180,Rainfall station,50.382625,-4.896844,194150.5513581924,57649.86018665036
48181,Rainfall station,50.339136,-4.836569,198250.54341907895,52649.927267021645
48182,Rainfall station,50.249425,-5.040268,183350.55321008177,43249.95267630767
48192,Rainfall station,50.238386,-5.248557,168450.549683318,42649.96712967901
48199,Rainfall station,50.356962,-4.730773,205850.52433607724,54349.88602630192
490001TP,Rainfall station,51.903913,0.021245,539150.5361918733,224749.2854044907
49101,Rainfall station,50.481782,-4.701312,208450.51684732563,68149.91477032096
49102,Rainfall station,50.382424,-4.56061,218050.54372222023,56749.92914673073
49104,Rainfall station,50.509966,-4.568918,217950.52257233072,70949.83561959064
49105,Rainfall station,50.558792,-4.637937,213250.5668172169,76549.8086205253
49106,Rainfall station,50.639798,-4.675005,210950.56617353082,85649.79449350193
49108,Rainfall station,50.733448,-4.549952,220150.50547016074,95749.81137579953
49147,Rainfall station,50.391624,-5.071876,181750.50287337517,59149.92555901186
49149,Rainfall station,50.679797,-4.695684,209650.53966449504,90149.76146967571
49151,Rainfall station,50.480775,-4.463019,225350.52994418427,67449.83011175759
49162,Rainfall station,50.438007,-4.948114,190750.56478839464,63949.90302176075
49171,Rainfall station,50.419841,-4.409173,228950.5564645594,60549.93860864381
49172,Rainfall station,50.589351,-4.830395,199750.5350082724,80449.86375599165
50101,Rainfall station,50.975364,-4.291091,239250.53570798648,122049.7181636502
50103,Rainfall station,50.880864,-4.152815,248650.53417535775,111249.68415130179
50105,Rainfall station,50.703195,-3.977548,260450.54718151578,91149.75019170887
50106,Rainfall station,50.737466,-3.91805,264750.51448712073,94849.73824389954
50108,Rainfall station,50.925011,-3.713738,279650.54298646154,115349.65368597925
50109,Rainfall station,50.985116,-3.661811,283450.51041353424,121949.63197674547
50110,Rainfall station,51.016891,-3.822629,272250.5046599527,125749.66368925452
50111,Rainfall station,51.163435,-3.937101,264650.5354315023,142249.55287122919
50112,Rainfall station,51.219415,-3.751859,277750.5075302658,148149.57830912794
50187,Rainfall station,50.909721,-4.380331,232750.56371950623,114949.6438797458
50188,Rainfall station,51.178491,-4.106562,252850.54982996374,144249.53350097442
50194,Rainfall station,51.024089,-4.236452,243250.50235454028,127349.62136689118
50199,Rainfall station,50.873373,-3.798545,273550.5429574073,109749.70290185326
510001,Rainfall station,51.838464,0.162023,549050.5641727439,217749.33342022455
51102,Rainfall station,51.117739,-3.349372,305650.53681916016,136249.5952563016
51124,Rainfall station,51.207152,-3.536655,292750.5427030303,146449.5486968922
51125,Rainfall station,51.193548,-3.612054,287450.5050932424,145049.6084496258
51126,Rainfall station,51.124753,-3.200962,316050.5213825572,136849.5585790169
51127,Rainfall station,51.163886,-3.611019,287450.53602835676,141749.57604541446
52100,Rainfall station,51.054044,-3.336105,306450.5256939942,129149.61680842095
52101,Rainfall station,50.971757,-3.122948,321250.5509341339,119749.64139012551
52102,Rainfall station,51.064754,-2.737025,348450.55124768603,129749.62897728065
52103,Rainfall station,50.902608,-2.632068,355650.5691054649,111649.75022056822
52105,Rainfall station,51.134741,-2.999693,330150.5363034928,137749.62673370514
52129,Rainfall station,50.875913,-2.981351,331050.5659861561,108949.69940885558
52147,Rainfall station,51.053779,-2.892367,337550.5665300834,128649.59174297031
52148,Rainfall station,50.853381,-2.745053,347650.50824084174,106249.70002103694
52149,Rainfall station,50.937299,-2.527224,363050.5309818985,115449.63576989072
52150,Rainfall station,51.128821,-3.323971,307450.5273596504,137449.6504472773
52201,Rainfall station,51.270102,-2.682969,352450.545748144,152549.5584557473
52203,Rainfall station,51.408672,-2.666341,353750.56425841985,167949.52975350662
52210,Rainfall station,51.116625,-2.434971,369650.52491547226,135349.63599368525
52222,Rainfall station,51.133861,-2.392257,372650.5235371082,137249.62067979618
52223,Rainfall station,51.393485,-2.917648,336250.5245412059,166449.4791517984
52224,Rainfall station,51.173877,-2.508462,364550.53991604975,141749.5532943042
52225,Rainfall station,51.260327,-2.806074,343850.5384355211,151549.57539003296
52227,Rainfall station,51.183161,-2.90631,336750.55326126685,143049.6286519292
52228,Rainfall station,51.440951,-2.8222,342950.5283982548,171649.47030677265
53100,Rainfall station,51.633453,-2.15382,389450.5589941956,192749.42756881146
53101,Rainfall station,51.602099,-2.455479,368550.5080106108,189349.4132718432
53102,Rainfall station,51.549024,-2.052583,396450.57054572756,183349.45438783584
53103,Rainfall station,51.530109,-1.896872,407250.5715036648,181249.46936807374
53104,Rainfall station,51.538159,-2.480793,366750.5118837291,182249.428021028
53106,Rainfall station,51.474338,-2.127367,391250.5454192505,175049.51528050302
53107,Rainfall station,51.416755,-2.485269,366350.5554147589,168749.49869713254
53108,Rainfall station,51.38314,-2.325412,377450.52754525084,164949.51272759805
53109,Rainfall station,51.360132,-2.138539,390450.55524086155,162349.51228599265
53110,Rainfall station,51.341928,-2.266258,381550.5162719182,160349.55067010384
531101,Rainfall station,51.633863,-2.371995,374350.5320154702,192849.4085079163
531108,Rainfall station,51.237472,-2.325815,377350.5175558779,148749.5224607378
53111,Rainfall station,51.315105,-2.495674,365550.5472084314,157449.52897756285
53113,Rainfall station,51.290973,-1.963375,402650.51546667266,154649.59776715955
53114,Rainfall station,51.230621,-2.486172,366150.5559041184,148049.5137724021
53115,Rainfall station,51.210084,-2.450167,368650.52552157565,145749.55807224778
531172,Rainfall station,51.277706,-2.608531,357650.536486756,153349.52859335553
531175,Rainfall station,51.546033,-2.267448,381550.5687961553,183049.44341451116
531178,Rainfall station,51.596598,-2.146477,389950.55241477076,188649.415836851
531179,Rainfall station,51.460233,-2.609517,357750.5334055472,173649.42257847154
531184,Rainfall station,51.236826,-2.216949,384950.5323753368,148649.58266433992
53159,Rainfall station,51.366659,-2.621201,356850.56048519077,163249.552552896
550148,Rainfall station,53.409248,-3.113909,326050.5275852814,390848.72978617065
551440,Rainfall station,53.276556,-2.854006,343150.53456053126,375848.70825693326
551706,Rainfall station,53.055708,-2.6691,355250.5253174453,351148.8320915279
552376,Rainfall station,52.965913,-2.459268,369250.52810673503,341048.9170428898
554472,Rainfall station,53.169907,-2.103919,393150.510325102,363648.76413634664
555207,Rainfall station,53.114913,-2.221812,385250.56442068395,357548.7791769965
558016,Rainfall station,53.24456,-1.997705,400250.53056047304,371948.76580502
558491,Rainfall station,53.38925,-1.919511,405450.53784097964,388048.67087660515
558844,Rainfall station,53.49079,-1.883147,407850.5412139952,399348.66043220565
559100R,Rainfall station,53.45937,-1.93444,404450.51215720875,395848.7193855918
559586,Rainfall station,53.534889,-2.012778,399250.5725633952,404248.6338601547
559969,Rainfall station,53.459311,-2.134747,391150.5424795495,395848.6561378255
560557,Rainfall station,53.431001,-2.352893,376650.536982501,392748.6648086083
560631,Rainfall station,53.718989,-2.194675,387250.55573023274,424748.57674035314
560943,Rainfall station,53.697953,-2.353609,376750.5420112436,422448.65258305887
561299,Rainfall station,53.65712,-2.049131,396850.53122826485,417848.64978329133
561613,Rainfall station,53.663285,-2.180798,388150.5454763622,418548.64687334636
562417,Rainfall station,53.60958,-2.440532,370950.5578362478,412648.67033439246
562656,Rainfall station,53.539768,-2.35078,376850.5150978111,404848.6880267696
562992_,Rainfall station,53.535499,-2.263235,382650.5499688912,404348.7168286665
563170,Rainfall station,53.53478,-2.162144,389350.5696654503,404248.6970413971
564154,Rainfall station,53.497891,-2.499671,366950.54674157174,400248.65740007773
564160,Rainfall station,53.381621,-2.570469,362150.5260441472,387348.69446564536
564595,Rainfall station,53.240041,-2.077118,394950.557226665,371448.8208208473
564769,Rainfall station,53.300189,-2.155251,389750.5552843477,378148.7772823167
567866,Rainfall station,53.460365,-2.916431,339250.5696542436,396348.6376268197
568363,Rainfall station,53.571911,-3.017001,332750.5318892782,408848.63729112846
569323,Rainfall station,53.678587,-2.942358,337850.5611996113,420648.5655229422
569709,Rainfall station,53.604601,-2.556847,363250.52291491226,412148.68153403373
569848,Rainfall station,53.58714,-2.633659,358150.5705367199,410248.5959231968
570099,Rainfall station,53.511139,-2.721493,352250.5429402849,401848.6329945146
570231,Rainfall station,53.596101,-2.789423,347850.53983931505,411348.6276274294
570788,Rainfall station,53.653543,-2.654324,356850.56112232234,417648.61104846606
571479,Rainfall station,54.217501,-2.3335,378350.5135210461,480248.3982275193
571894,Rainfall station,54.103514,-2.27294,382250.5463288954,467548.50845773437
573342,Rainfall station,53.986218,-2.429249,371950.56062381185,454548.500822658
573674,Rainfall station,53.971437,-2.529714,365350.52274188324,452948.55660677445
574656,Rainfall station,53.833251,-2.102519,393350.5210430589,437448.57896659616
574718,Rainfall station,53.851109,-2.196809,387150.52085796656,439448.5805674161
575335,Rainfall station,53.862447,-2.348914,377150.50975956453,440748.5683132847
575384,Rainfall station,53.790306,-2.422692,372250.526592171,432748.5916542093
575935,Rainfall station,53.694788,-2.486856,367950.55476751213,422148.55909495184
576578,Rainfall station,53.811772,-2.647675,357450.5312854186,435248.61882942537
576635,Rainfall station,53.774607,-2.703245,353750.5310511097,431148.56710265495
576925,Rainfall station,53.748659,-2.825643,345650.53168689884,428348.5537732762
577271,Rainfall station,53.783353,-2.991754,334750.54761855135,432348.5643876399
577417,Rainfall station,53.908061,-3.019063,333150.52593502187,446248.50717675633
577794,Rainfall station,53.986056,-2.662577,356650.5595769688,454648.45154074143
578009,Rainfall station,53.927308,-2.719516,352850.5625627881,448148.5722305561
579167,Rainfall station,53.897316,-2.901619,340850.5711438912,444948.5075103518
579623,Rainfall station,54.01325,-2.77441,349350.565303235,457748.4864442297
581159,Rainfall station,54.31472,-2.538727,365050.5315286726,491148.36874430056
582191,Rainfall station,54.144383,-2.433946,371750.5515019423,472148.45100517734
582837,Rainfall station,54.090487,-2.425739,372250.5390788598,466148.449947949
582970,Rainfall station,54.122231,-2.572947,362650.5153192352,469748.41943110694
583948,Rainfall station,54.064769,-2.863989,343550.5678601151,463548.4573984654
584772,Rainfall station,54.3319,-2.69427,354950.5292918727,493148.4141673026
585022,Rainfall station,54.440718,-2.825629,346550.5268537946,505348.374632193
585122,Rainfall station,54.406987,-2.892739,342150.5406581067,501648.33258102176
585512,Rainfall station,54.37577,-2.72272,353150.55684382585,498048.31379518856
586056,Rainfall station,54.264682,-2.808288,347450.548453584,485748.36150472204
586493,Rainfall station,54.246782,-2.923038,339950.532118091,483848.43216634623
586820,Rainfall station,54.444792,-3.103284,328550.54839121643,506048.3457716543
586898,Rainfall station,54.420708,-2.977801,336650.56267326797,503248.33101138874
587552,Rainfall station,54.313112,-2.946042,338550.55158645776,491248.433672831
588006,Rainfall station,54.378286,-3.103039,328450.5448909094,498648.32028418744
588705,Rainfall station,54.190769,-3.163942,324150.5482641831,477848.481369621
588886,Rainfall station,54.136092,-3.238939,319150.5474427846,471848.4339071197
589359,Rainfall station,54.342135,-3.21744,320950.54875326046,494748.4283508266
591419,Rainfall station,54.427181,-3.488178,303550.5602405083,504548.3184846885
591642,Rainfall station,54.525099,-3.417569,308350.55290005915,515348.319807489
591878,Rainfall station,54.529816,-3.545999,300050.5234789632,516048.25664119417
592158,Rainfall station,54.498215,-3.557159,299250.5379705528,512548.2638599117
592448,Rainfall station,54.498872,-3.181948,323550.5156397742,512148.3417773922
592464,Rainfall station,54.511299,-3.197753,322550.51466331014,513548.3458574876
592848,Rainfall station,54.532336,-3.062374,331350.5086593843,515748.2702096777
592860,Rainfall station,54.56648,-3.063261,331350.56465558556,519548.2631607952
593362,Rainfall station,54.614148,-3.157414,325350.52141252684,524948.3064629263
593893,Rainfall station,54.703741,-3.274806,317950.5676652902,535048.2739963961
594202,Rainfall station,54.58826,-3.316076,315050.5109584602,522248.2445070847
595273,Rainfall station,54.760082,-3.214413,321950.56933475094,541248.2649343192
596026,Rainfall station,54.849851,-3.310562,315950.5079873425,551348.1512574705
596791,Rainfall station,54.843273,-3.064299,331750.5653402356,550348.1738520402
597519,Rainfall station,54.362171,-2.342366,377850.5338255164,496348.38733262324
598147,Rainfall station,54.504409,-2.241634,384450.544994228,512148.2900931311
598691,Rainfall station,54.569482,-2.432265,372150.5446887014,519448.2921771711
598928,Rainfall station,54.524262,-2.505948,367350.5154879149,514448.3476114314
600140,Rainfall station,54.500172,-2.930285,339850.53861074965,512048.33066758123
600683,Rainfall station,54.592579,-2.950962,338650.5528018857,522348.2622484539
600735,Rainfall station,54.630789,-2.88989,342650.529363715,526548.2298474561
600986,Rainfall station,54.497275,-2.692439,355250.5243526425,511548.3334672982
601304,Rainfall station,54.536396,-2.762648,350750.56352201896,515948.35894917225
602253,Rainfall station,54.779014,-2.608625,360950.5616609976,542848.239577131
603111,Rainfall station,55.093207,-2.481773,369350.5234303569,577748.1157027448
603315,Rainfall station,55.026371,-2.560748,364250.54823027446,570348.1245785861
604040,Rainfall station,54.876682,-2.663085,357550.5413995136,553748.1780479007
604742,Rainfall station,54.670137,-2.788412,349250.5216146183,530848.3100651798
605382,Rainfall station,54.680261,-2.999541,335650.52277422574,532148.2028548325
605936,Rainfall station,54.716254,-2.87779,343550.54442205693,536048.2596717465
606299,Rainfall station,54.899013,-2.953493,338950.5538771942,556448.1527678382
613467,Rainfall station,55.005582,-2.999799,336150.5181691747,568348.1172172434
613905,Rainfall station,55.089491,-2.693238,355850.5343608079,577448.1369408062
920359,Rainfall station,55.553328,-1.997587,400250.5638776482,628848.0507884981
921083,Rainfall station,55.502931,-2.138485,391350.5246776625,623248.011099823
924203,Rainfall station,55.765373,-2.031043,398150.56838296435,652447.9140855399
Coldw1,Rainfall station,53.823309,-2.154144,389950.51194747136,436348.5835739099
E10000,Rainfall station,50.950807,-0.528647,503450.53316097934,117849.65491576248
E10120,Rainfall station,51.120939,-0.616127,496950.52509259095,136649.59577277617
E10130,Rainfall station,51.185738,-0.408138,511350.5132458319,144149.5680506731
E10140,Rainfall station,51.023941,-0.551999,501650.5626236105,125949.6631571104
E10360,Rainfall station,51.037622,-0.899591,477250.55609331094,127049.60181846292
E10370,Rainfall station,50.999633,-0.78648,485250.53197901056,122949.64460697076
E1039,Rainfall station,53.102452,0.317508,555250.5552128335,358648.85199689434
E10450,Rainfall station,50.933357,-0.647317,495150.5523497883,115749.68753934168
E10500,Rainfall station,51.000801,-0.904738,476950.52620651224,122949.6132994349
E10510,Rainfall station,51.053802,-0.642384,495250.57784919086,129149.59293272554
E11040,Rainfall station,50.889075,-0.881768,478750.5518256206,110549.69073393292
E11060,Rainfall station,50.853543,-0.666675,493950.56209978723,106849.70558855098
E11080,Rainfall station,50.828064,-0.805132,484250.54036633915,103849.71802896245
E11120,Rainfall station,50.78281,-0.694221,492150.5798444656,98949.72453987684
E11191,Rainfall station,50.923464,-0.81265,483550.5326366888,114449.6483833708
E11461,Rainfall station,50.902688,-1.10472,463050.50910937786,111849.7199847639
E11470,Rainfall station,50.852298,-0.990615,471150.5279709479,106349.76937488689
E11480,Rainfall station,51.253545,-1.255547,452050.53150513157,150749.57668301152
E1179,Rainfall station,52.456899,-1.052938,464450.5344776149,284749.08497130644
E11820,Rainfall station,50.828711,-1.195588,456750.52765719924,103549.77789816087
E12160,Rainfall station,50.942234,-1.227791,454350.5506446991,116149.66799227164
E12560,Rainfall station,51.006173,-1.114132,462250.53464863123,123349.62618354817
E12570,Rainfall station,51.008538,-1.335019,446750.5091960061,123449.66122353614
E12580,Rainfall station,51.089429,-1.328148,447150.56062074716,132449.62624758994
E12821,Rainfall station,51.085476,-1.13689,460550.5334198449,132149.60278408468
E1290,Rainfall station,51.236919,-0.046806,536450.5641353439,150449.54018030022
E1300,Rainfall station,51.141861,-0.009362,539350.5704333455,139949.59974281362
E1320,Rainfall station,51.202399,0.077705,545250.5206404311,146849.52634101853
E13261,Rainfall station,50.788809,-1.033124,468250.5657927761,99249.7517239357
E13560,Rainfall station,50.993139,-1.491976,435750.51261906396,121649.62372110349
E13580,Rainfall station,51.103128,-1.562184,430750.5668094711,133849.61561819637
E13590,Rainfall station,50.953747,-1.533691,432850.5733632975,117249.672909253
E13600,Rainfall station,50.880106,-1.558591,431150.517483649,109049.68844974387
E13980,Rainfall station,51.218761,-1.473747,436850.5701664707,146749.58195571153
E14080,Rainfall station,51.252655,-1.256994,451950.55007760326,150649.57788891997
E14420,Rainfall station,50.824355,-1.559116,431150.55778094317,102849.759265013
E14430,Rainfall station,50.760875,-1.670302,423350.51762891427,95749.81460308352
E14440,Rainfall station,50.744376,-1.57404,430150.56984781584,93949.75054869227
E1457,Rainfall station,53.275431,-0.63753,490950.57629966765,376248.7142465422
E14850,Rainfall station,50.626578,-1.225903,454850.5144819714,81049.8321093568
E14880,Rainfall station,50.671665,-1.399223,442550.53779508045,85949.80307879597
E14893,Rainfall station,50.754772,-1.304596,449150.5567807131,95249.78013917117
E14900,Rainfall station,50.677559,-1.505295,435050.57324711315,86549.81294948999
E14910,Rainfall station,50.722216,-1.142162,460650.5444736999,91749.81075685377
E14920,Rainfall station,50.691845,-1.308358,448950.5510225557,88249.80254474828
E14930,Rainfall station,50.623497,-1.307947,449050.5528723903,80649.85195657407
E14940,Rainfall station,50.681247,-1.198111,456750.52392399166,87149.8240680119
E15500,Rainfall station,51.435174,0.135731,548550.5441279024,172849.43950747076
E15510,Rainfall station,51.307175,0.102521,546650.5138882602,158549.47433130204
E15520,Rainfall station,51.395266,0.296316,559850.5500421298,168749.5112221436
E15720,Rainfall station,51.291987,0.195058,553150.543920822,157049.49696392243
E160,Rainfall station,51.384733,0.626364,582850.5225750196,168349.46530702797
E1606,Rainfall station,52.930882,-0.4014,507550.5221026924,338248.93491234176
E1613,Rainfall station,53.397417,-0.269659,515150.5471878709,390348.7194003258
E1645,Rainfall station,53.664551,-0.343494,509550.5594281498,419948.5924336683
E1681,Rainfall station,51.067661,0.215829,555350.5338046924,132149.58698923138
E1691,Rainfall station,51.100206,0.007416,540650.5306454179,135349.6678073068
E1700,Rainfall station,51.046446,0.196269,554050.5396646794,129749.61063323879
E1716,Rainfall station,52.434206,-0.92251,473350.5765434032,282349.0820211599
E1815,Rainfall station,53.041102,-0.374951,509050.53597506543,350548.8892918495
E19017,Rainfall station,52.058925,0.296651,557550.5349978226,242549.2574607272
E1908,Rainfall station,53.316679,-0.344986,510350.52566759614,381248.75564471737
E1928,Rainfall station,53.135319,-0.008131,533350.5372826208,361648.8042502787
E1965,Rainfall station,52.5771,-0.125035,527150.5673295221,299349.0279543241
E1966,Rainfall station,52.5771,-0.125035,527150.5673295221,299349.0279543241
E1971,Rainfall station,52.452473,-0.605675,494850.55227519426,284749.1044727144
E1976,Rainfall station,52.615107,-0.675844,489750.5189128633,302748.96556244564
E1980,Rainfall station,52.24053,-1.091234,462150.51217705675,260649.12386104654
E2040,Rainfall station,51.138337,0.459382,572150.5516763447,140549.62331141008
E2050,Rainfall station,51.098285,0.395836,567850.5693979663,135949.57123252738
E21018,Rainfall station,51.587908,0.506691,573750.5769763195,190649.42294477313
E21096,Rainfall station,52.583985,0.346152,559050.5644224113,301048.9733886205
E21179,Rainfall station,51.636308,0.385069,565150.5244350396,195749.41845194835
E21234,Rainfall station,52.633846,1.556421,640750.5698308191,309948.99138622783
E21288,Rainfall station,52.447056,1.60611,645150.5375853098,289349.03453513933
E21326,Rainfall station,52.428551,-0.353448,512050.5277128826,282449.0590218235
E21335,Rainfall station,52.132397,-0.953181,471750.55427535396,248749.18092157884
E21589,Rainfall station,52.080162,1.29614,625950.5564589633,247549.22426554357
E21602,Rainfall station,51.733425,0.429285,567850.5590799771,206649.37730569235
E21637,Rainfall station,52.269301,0.00265,536750.5521505482,265349.1607941742
E21870,Rainfall station,52.684352,0.927128,597950.5174351657,313649.0102177868
E22205,Rainfall station,52.121748,-0.215784,522250.5210122024,248549.2153892536
E22218,Rainfall station,52.295794,-0.512351,501550.54845940304,267449.13912462885
E22231,Rainfall station,51.999613,-0.629985,494150.5732017694,234349.28173192442
E22244,Rainfall station,52.202674,-0.045714,533650.5445095948,257849.12969692043
E22268,Rainfall station,52.041145,0.142627,547050.5358278825,240249.27586062893
E22283,Rainfall station,52.402761,0.279187,555150.5294933266,280749.0587394588
E22309,Rainfall station,52.426228,0.740815,586450.5793841449,284449.058893531
E22322,Rainfall station,52.227467,0.741731,587350.5373774669,262349.1641645896
E22400,Rainfall station,52.177103,0.456319,568050.562530956,256049.22334775707
E22486,Rainfall station,51.990419,0.395105,564550.5474159959,235149.19499976956
E22683,Rainfall station,51.971772,0.940138,602050.5212903179,234449.25640847333
E22735,Rainfall station,51.998223,0.579089,577150.5511931465,236449.20708200088
E22876,Rainfall station,51.736858,0.480165,571350.5818338093,207149.34444754038
E2316,Rainfall station,52.810264,-0.528974,499250.5433304798,324648.9836997516
E23205,Rainfall station,52.470804,1.73914,654050.5557711436,292449.01446057635
E2331,Rainfall station,52.473204,-0.862668,477350.56089761027,286749.11485468777
E23392,Rainfall station,52.835301,0.858574,592650.5629700469,330248.9037609859
E23420,Rainfall station,52.77483,1.151185,612650.5662560619,324348.9926377539
E23440,Rainfall station,52.825263,1.408721,629750.5422682043,330748.94929775596
E23470,Rainfall station,52.191671,1.4844,638250.5708399188,260549.1923498989
E23487,Rainfall station,52.153042,1.061731,609550.5147505092,254949.20293408702
E23518,Rainfall station,52.603459,1.16988,614750.5177575652,305348.97647668613
E23633,Rainfall station,51.996269,-0.242627,520750.5150670692,234549.29141537755
E23646,Rainfall station,52.571992,0.124144,544050.5436988462,299248.9877694905
E2365,Rainfall station,52.632078,-0.313309,514250.51774108,305149.00879999966
E23717,Rainfall station,52.132732,-0.418436,508350.56291100703,249449.1584674328
E2382,Rainfall station,52.332215,-0.788506,482650.54391474515,271149.14714713173
E2400,Rainfall station,51.096946,0.544313,578250.5315089192,136149.6157629429
E2410,Rainfall station,51.204793,0.588909,580950.5133437929,148249.57400754775
E2416,Rainfall station,52.808243,-0.129942,526150.5340751009,325048.9485793345
E24187,Rainfall station,52.218546,1.268312,623350.5600296005,262849.11957567313
E24195,Rainfall station,52.103622,0.807145,592350.5172390516,248749.1454464604
E2420,Rainfall station,51.130083,0.749109,592450.5226643523,140349.58963812434
E24238,Rainfall station,52.323011,-0.206231,522350.51600694016,270949.1622747255
E24289,Rainfall station,52.172202,0.251294,554050.5325405116,255049.12709416635
E2433,Rainfall station,52.296783,-0.670693,490750.5572760292,267349.12605664734
E24506,Rainfall station,52.898685,0.4791,566850.5644516735,336348.8652266459
E2463,Rainfall station,52.665732,-0.158215,524650.5320802176,309149.00889999594
E24632,Rainfall station,52.342401,-0.067451,531750.5419073638,273349.11232086044
E24703,Rainfall station,52.023252,-1.13062,459750.57072228065,236449.2864711429
E24712,Rainfall station,52.016759,-0.488107,503850.5451089265,236449.23041094377
E24718,Rainfall station,52.29472,0.332298,559150.5816509587,268849.11970709905
E24727,Rainfall station,52.7599,0.536425,571250.5336072753,321048.894279507
E24732,Rainfall station,52.516458,0.988183,602850.5679143312,295149.0733322269
E24737,Rainfall station,52.32454,0.894501,597350.559858248,273549.1258534293
E24746,Rainfall station,52.089557,-0.0565,533250.5250282139,245249.21642368438
E24751,Rainfall station,52.46533,0.054229,539650.5433849477,287249.08498559217
E24756,Rainfall station,52.494069,1.157581,614450.5379111721,293149.061285356
E2476,Rainfall station,52.252632,-1.146653,458350.5446016768,261949.20827935703
E24763,Rainfall station,51.949875,-0.766824,484850.5111254293,228649.29280915475
E24767,Rainfall station,52.323479,1.278981,623550.5251150398,274549.0894360537
E24775,Rainfall station,52.40222,1.542157,641050.5814332715,284149.06295980304
E24790,Rainfall station,52.409069,1.30592,624950.5431541819,284149.0583720554
E24847,Rainfall station,51.889291,0.584473,577950.5761637129,224349.31990436392
E24854,Rainfall station,51.623807,0.826545,595750.5268160593,195449.37884841822
E24863,Rainfall station,51.857943,0.698866,585950.5627702367,221149.29509331723
E24865,Rainfall station,51.733867,0.736365,589050.526335775,207449.35027257513
E24874,Rainfall station,51.906849,1.087118,612450.5628069441,227649.2477127791
E24879,Rainfall station,51.616598,0.593505,579650.5619259806,194049.36199698152
E24884,Rainfall station,51.683977,0.715993,587850.5525557547,201849.4207360386
E24889,Rainfall station,52.35513,1.431153,633750.5473343893,278549.0972255016
E24894,Rainfall station,51.890899,1.212487,621150.5300770364,226249.2481081401
E24901,Rainfall station,51.793116,0.963307,604450.5581931276,214649.37308602527
E24908,Rainfall station,51.584133,0.637851,582850.5620639715,190549.43919805367
E24913,Rainfall station,51.815014,0.765948,590750.5362628822,216549.26064990548
E24920,Rainfall station,51.532357,0.738679,590050.5439474448,185049.44010370137
E2493,Rainfall station,52.814,0.01276,535750.57124742,325948.93611418176
E24930,Rainfall station,51.820817,1.005761,607250.5258165165,217849.25589070344
E24935,Rainfall station,51.702642,0.87633,598850.5804277982,204349.3658696517
E24940,Rainfall station,51.835947,0.597384,579050.5389905489,218449.281394476
E24947,Rainfall station,52.165978,0.556609,574950.5272001068,255049.1499353861
E24952,Rainfall station,51.743647,0.324082,560550.5148131446,207549.38426683476
E24957,Rainfall station,52.101218,0.906298,599150.5363691982,248749.1588544623
E25033,Rainfall station,53.449299,0.032134,535050.5755278933,396648.68528875423
E25041,Rainfall station,52.786909,-0.264322,517150.5382230143,322448.94684058515
E25051,Rainfall station,53.235003,0.102885,540450.5511693129,372948.7624956535
E2510,Rainfall station,52.535424,-0.981957,469150.5154965281,293549.06908628653
E25173,Rainfall station,52.703292,0.697456,582350.5400411035,315148.94419419114
E2527,Rainfall station,52.191056,-1.087854,462450.5264102293,255149.19151838528
E2544,Rainfall station,52.495753,-0.470258,503950.5508662358,289749.09276889265
E2578,Rainfall station,52.890974,-0.512865,500150.5562744777,333648.85815812915
E26212,Rainfall station,51.93437,-0.252319,520250.5679222144,227649.27548800313
E270,Rainfall station,51.321154,0.447621,570650.5129595002,160849.53024604815
E27594,Rainfall station,52.735167,-0.4219,506650.51198573207,316448.9684675184
E27601,Rainfall station,51.530977,0.519422,574850.545042725,184349.3941680938
E27621,Rainfall station,51.542522,0.567655,578150.5444504764,185749.4364918689
E2859,Rainfall station,52.890503,-0.622875,492750.57251589664,333448.9360007131
E3220,Rainfall station,51.350566,0.74362,591150.5587278802,164849.4654216268
E3240,Rainfall station,51.389586,0.842268,597850.5216209416,169449.51784047447
E3281,Rainfall station,51.324099,0.908555,602750.5525076287,162349.47684609127
E3474,Rainfall station,51.322006,1.228535,625050.5408357137,163049.55278146063
E37051,Rainfall station,51.732496,0.516133,573850.5136865844,206749.36192636497
E37081,Rainfall station,52.84066,1.075753,607250.5498255811,331448.8828022109
E37151,Rainfall station,51.904776,0.848521,596050.5661537343,226749.28605375174
E37241,Rainfall station,51.94816,0.481622,570650.5359198729,230649.23423299837
E37271,Rainfall station,52.049494,0.452229,568250.5201125069,241849.21502953157
E37291,Rainfall station,52.013331,0.746104,588550.5292414458,238549.18449567893
E4080,Rainfall station,51.258867,1.033447,611750.5552823804,155449.54637890166
E4090,Rainfall station,51.297928,1.053239,612950.5217335285,159849.5236887454
E41311,Rainfall station,51.520749,0.616886,581650.5579413862,183449.4759932668
E42135,Rainfall station,53.232468,-0.366215,509150.52500757866,371848.7945221916
E42297,Rainfall station,52.061887,0.546282,574650.5609015732,243449.23923824076
E42961,Rainfall station,52.945882,0.745281,584550.5507428678,342248.8825297411
E42971,Rainfall station,52.181011,0.952464,601950.5320705576,257749.17454439343
E42981,Rainfall station,52.554012,1.032047,605650.554631189,299449.0718293222
E42991,Rainfall station,52.558433,1.367321,628350.5523159899,300949.0571010577
E43545,Rainfall station,53.2518,-0.151126,523450.5214217909,374348.7114580047
E44081,Rainfall station,52.060314,0.493671,571050.5199973412,243149.16753670876
E44091,Rainfall station,51.964319,0.607714,579250.5801690969,232749.26707956477
E44101,Rainfall station,51.793436,0.648601,582750.5438782019,213849.3530517496
E44111,Rainfall station,51.874052,0.368575,563150.526905121,222149.2526613141
E44121,Rainfall station,51.931385,0.712001,586550.5710304528,229349.24736579604
E4500,Rainfall station,51.154584,0.889296,602150.5802445462,143449.5727945075
E4510,Rainfall station,51.105558,0.979102,608650.5296437267,138249.61747879264
E4520,Rainfall station,51.225958,0.726173,590450.5445595428,150949.58493265355
E4530,Rainfall station,51.156945,1.009589,610550.5401486367,144049.5371639894
E4540,Rainfall station,51.202987,0.784947,594650.5615837838,148549.55272993454
E45811,Rainfall station,53.497914,-0.196218,519750.53235246555,401648.66407805635
E45871,Rainfall station,53.676809,-0.524692,497550.5155805232,421048.66105050634
E45881,Rainfall station,53.219937,-0.507486,499750.57650462614,370248.7767612718
E46061,Rainfall station,53.546796,-0.159424,522050.52007188025,407148.6047954232
E46161,Rainfall station,51.511603,0.583211,579350.5293949441,182349.48742497864
E46331,Rainfall station,53.248384,0.004612,533850.5458341399,374248.75828358904
E46341,Rainfall station,52.538018,-0.337559,512850.55126486643,294649.0606662197
E46361,Rainfall station,52.939919,-0.043906,531550.5333166188,339848.9032313932
E46612,Rainfall station,53.346199,0.015208,534250.5643024945,385148.69674586965
E4753,Rainfall station,51.160348,1.119955,618250.5373679921,144749.60837136165
E4850,Rainfall station,51.359322,1.403568,637050.5760091809,167749.4522783372
E48676,Rainfall station,52.307124,1.153055,615050.5200910111,272349.07623329555
E5170,Rainfall station,51.117863,1.194265,623650.5529333841,140249.584748056
E5451,Rainfall station,51.007531,0.978517,609050.5817569587,127349.64510086582
E5640,Rainfall station,51.05909,0.821971,597850.5195119272,132649.62942537607
E5660,Rainfall station,51.083056,0.871982,601250.5316975367,135449.6673719676
E5670,Rainfall station,50.943595,0.945951,607050.5299203717,120149.6235310144
E5720,Rainfall station,53.306737,-0.547985,496850.5727793167,379848.7471391963
E5721,Rainfall station,53.175194,-0.524002,498750.56145840744,365248.75794338644
E5722,Rainfall station,53.031102,-0.503575,500450.57398395403,349248.8256053852
E5723,Rainfall station,53.093909,-0.172837,522450.5406607319,356748.87554335035
E5724,Rainfall station,53.088074,0.270439,552150.5224427906,356948.7713527823
E5726,Rainfall station,52.611622,-0.461792,504250.5591411496,302648.9703122589
E5727,Rainfall station,52.872934,0.138821,544050.5603204138,332748.91550559626
E5728,Rainfall station,52.651369,0.565622,573650.5435473606,309049.0305564408
E5729,Rainfall station,52.949162,1.122162,609850.5700757673,343648.92243900703
E5731,Rainfall station,52.226854,-0.464875,504950.56121432147,259849.1272733883
E5732,Rainfall station,52.124227,0.957474,602550.5396570814,251449.1841493402
E5733,Rainfall station,51.895742,0.451114,568750.5172794302,224749.2365487626
E5734,Rainfall station,51.554554,0.826576,596050.5399193971,187749.39300842932
E6270,Rainfall station,51.032353,0.577858,580850.5213939834,129049.60188221348
E6280,Rainfall station,50.931554,0.580819,581450.5474415978,117849.69850071346
E6760,Rainfall station,51.028745,0.275298,559650.513897002,127949.5990181935
E6770,Rainfall station,50.965787,0.453104,572350.5545349125,121349.6861959521
E6780,Rainfall station,50.885427,0.672112,588050.5157979423,112949.69044927378
E7040,Rainfall station,53.371241,-0.684077,487650.5350073842,386848.73755341483
E7045,Rainfall station,52.185547,-0.867095,477550.5679383019,254749.19493169035
E7055,Rainfall station,52.327013,-1.00142,468150.56417181506,270349.07797622256
E7065,Rainfall station,52.56456,-0.5077,501250.5704283061,297349.0684940244
E7070,Rainfall station,52.207563,-0.73336,486650.54634119984,257349.11605137188
E7075,Rainfall station,52.490034,-0.666347,490650.57011163165,288849.0973577371
E7095,Rainfall station,53.326702,-0.11185,525850.5153755398,382748.7890960634
E7105,Rainfall station,53.359329,-0.017234,532050.5763066079,386548.7220645017
E7130,Rainfall station,53.534467,-0.499466,499550.56496572524,405248.6657006288
E7135,Rainfall station,53.572235,-0.236854,516850.57649005356,409848.65635518264
E7155,Rainfall station,52.645246,-0.420704,506950.55144751986,306449.0030433408
E7160,Rainfall station,52.649303,-0.762024,483850.5431036618,306448.9785455492
E7165,Rainfall station,52.766451,-0.623828,492950.547918906,319649.0081133141
E7170,Rainfall station,53.077492,-0.622888,492350.5228984937,354248.8162287624
E7180,Rainfall station,50.903167,0.47968,574450.5245095115,114449.73895264942
E7190,Rainfall station,50.811276,0.219288,556450.5694472211,103649.7520975814
E7200,Rainfall station,52.555577,-0.828089,479550.5707943303,295948.9861431638
E7260,Rainfall station,50.8635,0.56711,580750.5734260642,110249.6819407446
E7270,Rainfall station,50.890762,0.554388,579750.5216290118,113249.68317894082
E7295,Rainfall station,50.814838,0.358583,566250.5150548765,104349.74858570496
E7420,Rainfall station,50.788104,0.060701,545350.5694764567,100749.76635809956
E7780,Rainfall station,50.80213,0.081187,546750.5461747579,102349.74413887702
E802,Rainfall station,51.194952,0.237676,556450.5574063413,146349.567220079
E8020,Rainfall station,50.91155,0.289494,561050.54245488,114949.74165333188
E8030,Rainfall station,50.99015,0.128061,549450.5492664194,123349.62974653767
E8040,Rainfall station,50.930862,0.267671,559450.526119252,117049.62858399114
E8290,Rainfall station,51.434974,-0.353451,514550.5639893948,171949.52066160511
E8480,Rainfall station,50.991504,0.152348,551150.5270586624,123549.66812959786
E8500,Rainfall station,51.066083,-0.159624,529050.5575518737,131249.6247644426
E8510,Rainfall station,50.90639,-0.072052,535650.5653665798,113649.74190235072
E8520,Rainfall station,51.039914,-0.097897,533450.5512137604,128449.65028547533
E8530,Rainfall station,50.913393,0.044891,543850.566637026,114649.69210400284
E871,Rainfall station,51.274484,0.217164,554750.538911978,155149.58584435488
E8743,Rainfall station,50.853435,-0.133909,531450.529645236,107649.75358452869
E8770,Rainfall station,50.893868,0.081008,546450.5496848662,112549.67469329467
E901,Rainfall station,51.15203,0.176969,552350.5166994318,141449.54953402106
E911,Rainfall station,51.372501,0.217586,554450.526025119,166049.48061172615
E9340,Rainfall station,50.986805,-0.268198,521650.52176018234,122249.65406876898
E9350,Rainfall station,50.999283,-0.143741,530350.5299917816,123849.69439713446
E9360,Rainfall station,50.929113,-0.384184,513650.5296094819,115649.6655576806
E9660,Rainfall station,50.929364,-0.469557,507650.52481447696,115549.68195923079
E9720,Rainfall station,50.860296,-0.483186,506850.5552766308,107849.74626852307
EdgeH1,Rainfall station,53.560463,-2.873303,342250.5209896521,407448.68130555435
Mitch1,Rainfall station,53.742978,-2.323663,378750.54998961114,427448.62074432406
VCHURCH-T_TG_341,Rainfall station,52.023749,-2.92175,336850.5304727344,236549.28875699022
